<?xml version="1.0" encoding="utf-8"?>
<!-- Timing Correlation XML file -->
<timing_correlation_data>
<!-- Points -->
<path_info title="true">
<index> Index   </index>
<start_inst> Start Inst   </start_inst>
<start_type> Start Type   </start_type>
<start_clock> Start Clock   </start_clock>
<end_inst> End Inst   </end_inst>
<end_type> End Type   </end_type>
<end_clock> End Clock   </end_clock>
<clock_skew> Clock Skew   </clock_skew>
<req_per> Required Time   </req_per>
<slack> Slack   </slack>
<ucf> Clock Group   </ucf>
<status> Status   </status>
</path_info>
<path_info>
<index> 1   </index>
<start_inst> sobel_inst/proc_index[1]   </start_inst>
<start_type> reg </start_type>
<start_clock> sobel_top|clock:r   </start_clock>
<end_inst> fifo_out_inst/fifo_buf   </end_inst>
<end_type> reg   </end_type>
<end_clock> sobel_top|clock:r   </end_clock>
<clock_skew>
<val> 0.0 </val>
<txt> 0.000 - 0.000 </txt>
</clock_skew>
<req_per> 14.452 </req_per>
<slack> -2.550 </slack>
<ucf>  </ucf>
<status>
<val> 0 </val>
</status>
<margin>
<val> 0 </val>
</margin>
</path_info>
</timing_correlation_data>
